-- 基本信息管理模块 - 测试数据初始化脚本
-- 注意：此脚本应在表结构创建后执行

USE quanxianguanli;

-- ============================================
-- 销售片区测试数据
-- ============================================
INSERT INTO sales_region (id, create_time, update_time, region_name, region_code, parent_department, create_date, remarks) VALUES
('sr001', NOW(), NOW(), '华东片区', 'HD001', '销售处', '2024-01-01', '负责华东地区销售业务'),
('sr002', NOW(), NOW(), '华南片区', 'HN001', '销售处', '2024-01-01', '负责华南地区销售业务'),
('sr003', NOW(), NOW(), '华北片区', 'HB001', '销售处', '2024-01-01', '负责华北地区销售业务'),
('sr004', NOW(), NOW(), '西南片区', 'XN001', '销售处', '2024-01-01', '负责西南地区销售业务'),
('sr005', NOW(), NOW(), '外贸片区', 'WM001', '外贸处', '2024-01-01', '负责外贸业务'),
('sr006', NOW(), NOW(), '成套设备片区', 'CT001', '成套处', '2024-01-01', '负责成套设备业务');

-- ============================================
-- 营销人员测试数据
-- ============================================
INSERT INTO sales_person (id, create_time, update_time, employee_code, name, gender, birthday, contact_info, region_id, position, department, responsible_area, remarks, erp_sync_id) VALUES
('sp001', NOW(), NOW(), 'EMP001', '张销售', '男', '1990-01-15', '13800138001', 'sr001', '销售经理', '销售处', '上海、江苏、浙江', '经验丰富的销售经理', 'ERP001'),
('sp002', NOW(), NOW(), 'EMP002', '李销售', '女', '1992-03-20', '13800138002', 'sr001', '销售专员', '销售处', '上海', '新入职销售', 'ERP002'),
('sp003', NOW(), NOW(), 'EMP003', '王销售', '男', '1988-05-10', '13800138003', 'sr002', '销售经理', '销售处', '广东、广西、海南', '资深销售经理', 'ERP003'),
('sp004', NOW(), NOW(), 'EMP004', '赵销售', '女', '1991-07-25', '13800138004', 'sr003', '销售专员', '销售处', '北京、天津', '优秀销售', 'ERP004'),
('sp005', NOW(), NOW(), 'EMP005', '钱销售', '男', '1989-09-12', '13800138005', 'sr005', '外贸经理', '外贸处', '海外市场', '外贸业务专家', 'ERP005'),
('sp006', NOW(), NOW(), 'EMP006', '孙销售', '女', '1993-06-08', '13800138006', 'sr002', '销售专员', '销售处', '广东', '新入职销售', 'ERP006'),
('sp007', NOW(), NOW(), 'EMP007', '周销售', '男', '1987-11-22', '13800138007', 'sr003', '销售经理', '销售处', '北京、河北', '资深销售', 'ERP007'),
('sp008', NOW(), NOW(), 'EMP008', '吴销售', '女', '1994-02-14', '13800138008', 'sr004', '销售专员', '销售处', '四川、重庆', '新入职销售', 'ERP008'),
('sp009', NOW(), NOW(), 'EMP009', '郑销售', '男', '1986-08-30', '13800138009', 'sr004', '销售经理', '销售处', '西南地区', '经验丰富', 'ERP009'),
('sp010', NOW(), NOW(), 'EMP010', '王成套', '男', '1985-04-18', '13800138010', 'sr006', '成套经理', '成套处', '全国', '成套设备专家', 'ERP010');

-- ============================================
-- 客户测试数据
-- ============================================
INSERT INTO customer (id, create_time, update_time, customer_code, unit_name, region, area, industry, company_address, order_representative, buyer_attribute, invoice_phone, contact_phone, fax, postal_code, invoice_address, invoice_bank, bank_account, tax_number, arrears_amount, credit_level, remarks) VALUES
('c001', NOW(), NOW(), 'CUST001', '上海机械制造有限公司', '华东', '上海', '制造业', '上海市浦东新区张江路1000号', '张经理', '企业客户', '021-12345678', '021-12345679', '021-12345680', '200000', '上海市浦东新区张江路1000号', '中国工商银行上海分行', '6222021234567890123', '91310000123456789X', 0.00, 'AAA', '重要客户'),
('c002', NOW(), NOW(), 'CUST002', '北京科技发展有限公司', '华北', '北京', '科技', '北京市海淀区中关村大街1号', '李经理', '企业客户', '010-87654321', '010-87654322', '010-87654323', '100000', '北京市海淀区中关村大街1号', '中国建设银行北京分行', '6227001234567890123', '91110000123456789Y', 50000.00, 'AA', '长期合作客户'),
('c003', NOW(), NOW(), 'CUST003', '广州电子科技有限公司', '华南', '广州', '电子', '广州市天河区天河路200号', '王经理', '企业客户', '020-11223344', '020-11223345', '020-11223346', '510000', '广州市天河区天河路200号', '中国银行广州分行', '6217001234567890123', '91440000123456789Z', 0.00, 'AAA', '优质客户'),
('c004', NOW(), NOW(), 'CUST004', '成都工业设备有限公司', '西南', '成都', '工业设备', '成都市高新区天府大道1000号', '赵经理', '企业客户', '028-22334455', '028-22334456', '028-22334457', '610000', '成都市高新区天府大道1000号', '中国农业银行成都分行', '6228001234567890123', '91510000123456789A', 100000.00, 'A', '一般客户'),
('c005', NOW(), NOW(), 'CUST005', '深圳自动化设备有限公司', '华南', '深圳', '自动化', '深圳市南山区科技园南路2000号', '陈经理', '企业客户', '0755-33445566', '0755-33445567', '0755-33445568', '518000', '深圳市南山区科技园南路2000号', '招商银行深圳分行', '6225881234567890123', '91440300123456789B', 0.00, 'AA', '潜在重要客户'),
('c006', NOW(), NOW(), 'CUST006', '杭州智能制造有限公司', '华东', '杭州', '智能制造', '杭州市西湖区文三路500号', '刘经理', '企业客户', '0571-44556677', '0571-44556678', '0571-44556679', '310000', '杭州市西湖区文三路500号', '中国工商银行杭州分行', '6222021234567890456', '91330100123456789C', 25000.00, 'AA', '合作客户');

-- ============================================
-- 客户关键人物测试数据
-- ============================================
INSERT INTO customer_key_person (id, create_time, update_time, customer_id, name, gender, birthday, position, contact_info, job_type, direct_supervisor, is_main_contact, remarks) VALUES
('ckp001', NOW(), NOW(), 'c001', '张总', '男', '1975-05-20', '总经理', '13800000001', '决策者', NULL, true, '主要决策人'),
('ckp002', NOW(), NOW(), 'c001', '李经理', '女', '1985-08-15', '采购经理', '13800000002', '部门主管', '张总', false, '负责采购业务'),
('ckp003', NOW(), NOW(), 'c001', '刘工程师', '男', '1988-12-05', '技术工程师', '13800000005', '普通员工', '李经理', false, '技术对接人'),
('ckp004', NOW(), NOW(), 'c002', '王总', '男', '1978-03-10', '总经理', '13800000003', '决策者', NULL, true, '公司负责人'),
('ckp005', NOW(), NOW(), 'c002', '陈经理', '女', '1986-06-18', '采购经理', '13800000006', '部门主管', '王总', false, '采购负责人'),
('ckp006', NOW(), NOW(), 'c003', '赵经理', '女', '1990-11-25', '技术经理', '13800000004', '部门主管', NULL, true, '技术负责人'),
('ckp007', NOW(), NOW(), 'c003', '孙工程师', '男', '1992-02-14', '研发工程师', '13800000007', '普通员工', '赵经理', false, '研发对接人'),
('ckp008', NOW(), NOW(), 'c004', '周总', '男', '1976-09-30', '总经理', '13800000008', '决策者', NULL, true, '公司负责人'),
('ckp009', NOW(), NOW(), 'c004', '吴经理', '女', '1987-04-22', '采购经理', '13800000009', '部门主管', '周总', false, '采购业务负责人');

-- ============================================
-- 项目机会测试数据
-- ============================================
INSERT INTO project_opportunity (id, create_time, update_time, customer_id, project_name, project_region, status, project_time, remarks) VALUES
('po001', NOW(), NOW(), 'c001', '生产线改造项目', '华东', '进行中', '2024-01-15 09:00:00', '大型生产线改造项目'),
('po002', NOW(), NOW(), 'c001', '二期扩建项目', '华东', '规划中', '2024-03-01 08:00:00', '二期工厂扩建'),
('po003', NOW(), NOW(), 'c001', '自动化升级项目', '华东', '待启动', '2024-04-01 10:00:00', '自动化设备升级'),
('po004', NOW(), NOW(), 'c002', '设备升级项目', '华北', '待启动', '2024-02-01 10:00:00', '设备升级改造'),
('po005', NOW(), NOW(), 'c002', '节能改造项目', '华北', '进行中', '2024-02-20 14:00:00', '节能设备改造'),
('po006', NOW(), NOW(), 'c003', '新产品研发项目', '华南', '已完成', '2024-01-10 14:00:00', '新产品研发合作'),
('po007', NOW(), NOW(), 'c003', '技术合作项目', '华南', '进行中', '2024-02-15 09:00:00', '技术深度合作'),
('po008', NOW(), NOW(), 'c004', '设备采购项目', '西南', '规划中', '2024-03-15 10:00:00', '新设备采购计划'),
('po009', NOW(), NOW(), 'c004', '生产线新建项目', '西南', '待启动', '2024-04-01 08:00:00', '新建生产线项目');

-- ============================================
-- 合同测试数据
-- ============================================
INSERT INTO contract (id, create_time, update_time, customer_id, contract_code, contract_name) VALUES
('ct001', NOW(), NOW(), 'c001', 'HT2024001', '生产线设备采购合同'),
('ct002', NOW(), NOW(), 'c001', 'HT2024004', '二期扩建设备合同'),
('ct003', NOW(), NOW(), 'c001', 'HT2024007', '自动化设备采购合同'),
('ct004', NOW(), NOW(), 'c002', 'HT2024002', '设备维护服务合同'),
('ct005', NOW(), NOW(), 'c002', 'HT2024005', '节能设备采购合同'),
('ct006', NOW(), NOW(), 'c003', 'HT2024003', '产品研发合作协议'),
('ct007', NOW(), NOW(), 'c003', 'HT2024006', '技术合作服务合同'),
('ct008', NOW(), NOW(), 'c004', 'HT2024008', '设备采购合同'),
('ct009', NOW(), NOW(), 'c004', 'HT2024009', '生产线设备合同');

-- ============================================
-- 售后信息测试数据
-- ============================================
INSERT INTO after_sales (id, create_time, update_time, customer_id, contract_code, contract_name, region, after_sales_person, remarks) VALUES
('as001', NOW(), NOW(), 'c001', 'HT2024001', '生产线设备采购合同', '华东', '张售后', '定期维护服务'),
('as002', NOW(), NOW(), 'c001', 'HT2024004', '二期扩建设备合同', '华东', '张售后', '设备调试服务'),
('as003', NOW(), NOW(), 'c002', 'HT2024002', '设备维护服务合同', '华北', '李售后', '技术支持服务'),
('as004', NOW(), NOW(), 'c002', 'HT2024005', '节能设备采购合同', '华北', '李售后', '设备保养服务'),
('as005', NOW(), NOW(), 'c003', 'HT2024003', '产品研发合作协议', '华南', '王售后', '产品培训服务'),
('as006', NOW(), NOW(), 'c003', 'HT2024006', '技术合作服务合同', '华南', '王售后', '技术咨询服务'),
('as007', NOW(), NOW(), 'c004', 'HT2024008', '设备采购合同', '西南', '赵售后', '设备安装服务'),
('as008', NOW(), NOW(), 'c004', 'HT2024009', '生产线设备合同', '西南', '赵售后', '生产线调试服务');

-- ============================================
-- 客户来访信息测试数据
-- ============================================
INSERT INTO customer_visit (id, create_time, update_time, customer_id, visit_date, customer_sequence, customer_name, status, remarks) VALUES
('cv001', NOW(), NOW(), 'c001', '2024-01-20', 'SEQ001', '上海机械制造有限公司', '已完成', '客户来访参观工厂'),
('cv002', NOW(), NOW(), 'c002', '2024-02-15', 'SEQ002', '北京科技发展有限公司', '已完成', '商务洽谈'),
('cv003', NOW(), NOW(), 'c003', '2024-02-20', 'SEQ003', '广州电子科技有限公司', '计划中', '计划来访'),
('cv004', NOW(), NOW(), 'c001', '2024-03-10', 'SEQ004', '上海机械制造有限公司', '计划中', '二期项目洽谈');

-- ============================================
-- 产品测试数据
-- ============================================

-- 单体设备
INSERT INTO product (id, create_time, update_time, name, model, parameters, price, weight, dimensions, delivery_cycle, product_type, remarks) VALUES
('p001', NOW(), NOW(), '高速电机', 'HD-1000', '功率：1000W，转速：3000rpm，电压：220V', 5000.00, '50kg', '800x600x400mm', '15天', 'SINGLE', '高性能电机'),
('p002', NOW(), NOW(), '减速器', 'JS-500', '减速比：1:50，扭矩：500N·m', 3000.00, '30kg', '500x400x300mm', '10天', 'SINGLE', '精密减速器'),
('p003', NOW(), NOW(), '控制器', 'KZ-200', '输入：220V，输出：24V，功率：200W', 2000.00, '5kg', '300x200x150mm', '7天', 'SINGLE', '智能控制器'),
('p004', NOW(), NOW(), '传感器', 'CG-100', '精度：0.1%，量程：0-1000', 500.00, '0.5kg', '100x50x30mm', '5天', 'SINGLE', '高精度传感器');

-- 备品备件
INSERT INTO product (id, create_time, update_time, name, model, parameters, price, weight, dimensions, delivery_cycle, product_type, remarks) VALUES
('p005', NOW(), NOW(), '电机轴承', 'ZC-6205', '内径：25mm，外径：52mm，厚度：15mm', 100.00, '0.2kg', '52x25x15mm', '3天', 'SPARE', '标准轴承'),
('p006', NOW(), NOW(), '密封圈', 'MF-100', '材质：橡胶，直径：100mm，厚度：5mm', 50.00, '0.1kg', '100x5mm', '2天', 'SPARE', '耐高温密封圈'),
('p007', NOW(), NOW(), '齿轮', 'CL-50', '模数：2，齿数：50，材质：45钢', 200.00, '1kg', '直径100mm', '5天', 'SPARE', '标准齿轮'),
('p008', NOW(), NOW(), '联轴器', 'LZ-80', '直径：80mm，长度：120mm', 300.00, '2kg', '80x120mm', '7天', 'SPARE', '弹性联轴器');

-- 设备成套
INSERT INTO product (id, create_time, update_time, name, model, parameters, price, weight, dimensions, delivery_cycle, product_type, remarks) VALUES
('p009', NOW(), NOW(), '自动化生产线', 'ZDX-1000', '产能：1000件/小时，工位：10个，自动化程度：90%', 500000.00, '5000kg', '20000x3000x2500mm', '60天', 'COMPLETE', '全自动生产线'),
('p010', NOW(), NOW(), '包装设备系统', 'BZ-500', '包装速度：500包/分钟，包装规格：可调', 200000.00, '3000kg', '15000x2000x2000mm', '45天', 'COMPLETE', '智能包装系统'),
('p011', NOW(), NOW(), '检测设备系统', 'JC-200', '检测精度：0.01mm，检测速度：200件/分钟', 150000.00, '2000kg', '10000x1500x1800mm', '30天', 'COMPLETE', '高精度检测系统'),
('p012', NOW(), NOW(), '装配生产线', 'ZP-800', '产能：800件/小时，工位：8个，自动化程度：85%', 400000.00, '4500kg', '18000x2800x2400mm', '50天', 'COMPLETE', '半自动装配线'),
('p013', NOW(), NOW(), '物流分拣系统', 'WF-300', '分拣速度：300件/分钟，分拣准确率：99.5%', 300000.00, '3500kg', '16000x2500x2200mm', '40天', 'COMPLETE', '智能物流系统');

-- ============================================
-- 产品附件测试数据
-- ============================================
INSERT INTO product_attachment (id, create_time, update_time, product_id, file_name, file_path, file_size, file_type) VALUES
('pa001', NOW(), NOW(), 'p001', '高速电机技术规格书.pdf', 'uploads/pa001_高速电机技术规格书.pdf', 2048000, 'pdf'),
('pa002', NOW(), NOW(), 'p001', '高速电机安装手册.pdf', 'uploads/pa002_高速电机安装手册.pdf', 1536000, 'pdf'),
('pa003', NOW(), NOW(), 'p002', '减速器产品图册.jpg', 'uploads/pa003_减速器产品图册.jpg', 512000, 'jpg'),
('pa004', NOW(), NOW(), 'p003', '控制器使用说明书.pdf', 'uploads/pa004_控制器使用说明书.pdf', 1024000, 'pdf'),
('pa005', NOW(), NOW(), 'p009', '自动化生产线方案书.pdf', 'uploads/pa005_自动化生产线方案书.pdf', 5120000, 'pdf'),
('pa006', NOW(), NOW(), 'p009', '自动化生产线3D效果图.dwg', 'uploads/pa006_自动化生产线3D效果图.dwg', 10240000, 'dwg'),
('pa007', NOW(), NOW(), 'p010', '包装设备系统操作视频.mp4', 'uploads/pa007_包装设备系统操作视频.mp4', 52428800, 'mp4'),
('pa008', NOW(), NOW(), 'p011', '检测设备系统技术参数.xlsx', 'uploads/pa008_检测设备系统技术参数.xlsx', 256000, 'xlsx');

-- ============================================
-- 补充客户来访信息
-- ============================================
INSERT INTO customer_visit (id, create_time, update_time, customer_id, visit_date, customer_sequence, customer_name, status, remarks) VALUES
('cv005', NOW(), NOW(), 'c002', '2024-03-05', 'SEQ005', '北京科技发展有限公司', '已完成', '技术交流会议'),
('cv006', NOW(), NOW(), 'c004', '2024-02-25', 'SEQ006', '成都工业设备有限公司', '已完成', '设备考察'),
('cv007', NOW(), NOW(), 'c005', '2024-03-20', 'SEQ007', '深圳自动化设备有限公司', '计划中', '商务洽谈'),
('cv008', NOW(), NOW(), 'c006', '2024-03-25', 'SEQ008', '杭州智能制造有限公司', '计划中', '项目对接');

-- 数据初始化完成
SELECT '基本信息管理模块测试数据初始化完成！' AS message;

